old_relative_path	new_relative_path
04 - Edited in CapCut. Do we want the tutorialWill probably make one soon. These are some of the.mp4	CapCut Tutorial - Editing Breakdown.mp4
1747982946635_720p.mp4	Unnamed Clip 1747982946635 - 720p.mp4
32203276288-1-192.mp4	Unnamed Clip 32203276288 - 192.mp4
Art in motion.mp4	Art in Motion.mp4
Baku Travel Film – Editing BreakdownFor this cinematic travel piece, I used Final Cut Pro for the full edit and Dehancer Pro for color grading. Here’s a quick look at the workflow and techniques involved-• Speed ramping & smooth cuts .mp4	Baku Travel Film - Editing Breakdown.mp4
Best song on the album -Comment “edit” and i’ll send you the link to my NEW editing pack! -#edit.mp4	Music Edit - Best Song on the Album.mp4
Captain Jack. -Comment “sfx” and i’ll send you the link to my brand new sound effects pack! 430+.mp4	Captain Jack - SFX Edit.mp4
Carti.mp4	Carti - Edit.mp4
Chase - Yoon AhnDirector-DP- @someday.bk (@mattseegs @debrierley)Prod Co- @underhill.filmEP- @alexmaxProduction Manager- @jessymobileProduction Service Company- @kinomatic_picturesEP- Mike Lee1st AD- Jason Hwang2nd AD- Joobin LeeDigi Tech- .mp4	Chase - Yoon Ahn.mp4
COLD-Comment “sfx” and i’ll send you the link to my sound effects pack!! -Footage from- @korua_s.mp4	Korua Snowboarding - Cold SFX Edit.mp4
Comment “SFX” to get our Short Form SFX Vault!   Free viral sound effects for your videos part 70   If you want to use these free sound effects, just download this reel in mp3 format, and you’re good to go!  Follow for more videos li.mp4	Short Form SFX Vault - Free Sounds Part 70.mp4
Do not go gentle into that good night.  Words from one of my all time favourite films, paired with the incredible landscapes of Aotearoa New Zealand, and finished with some insane SFX from @lensdistortions to top it all off.  _  I’ve just.mp4	New Zealand Landscapes - Do Not Go Gentle.mp4
Don't try to understand it, Just feel it.#cinematic #cinematography #photography #thailand #christophernolan #s24ultra.mp4	Thailand Cinematic - Just Feel It.mp4
download.mp4	Unnamed Download - 01.mp4
download_副本.mp4	Unnamed Download - 02.mp4
Finally posting this Nike project we worked on Much love to @youthclub.co @nastassiawinge  for trusting us! Shoutout to everyone who made this possible! You guys killed it! -Director‘s Cut for a Global Nike Running campaign!CREDITSClient-.mp4	Nike Running - Director Cut.mp4
FUGUEDirector • @nastassiawingePhotographer • @nikolalamburovDoP • @peter.krijgsman1st AC • @triantisfilmsMake-up Artist • @katofierkens @houseoforangeagencyMake-up Artist • @emma.rosa @houseoforangeagencyStylist • @alexmcfabM.mp4	FUGUE - Fashion Film.mp4
Gotta love the Polski trams.   #cinematography #cinematic #poland #s24ultra #editing.mp4	Poland Trams - Street Cinematic.mp4
I just wanna be out there -Comment “sfx” and i’ll send you the link to my sound effects pack!!-#.mp4	Outdoor SFX Edit - I Just Wanna Be Out There.mp4
Imports/Instagram/hudsonfilms-DYtWN-moXEF.mp4	Imports/Instagram/hudsonfilms - DYtWN-moXEF.mp4
Imports/Instagram/Sebastian ｜ Filmmaker & Photographer-DWWuj0BDFDv.mp4	Imports/Instagram/Sebastian - Filmmaker Photographer - DWWuj0BDFDv.mp4
Imports/Instagram/🎬-DYp2ZkDstrF.mp4	Imports/Instagram/Instagram Reel - DYp2ZkDstrF.mp4
Imports/YouTube/Marques Brownlee-coX4duwUCpw-transcoding-tmp.mp4	Imports/YouTube/Marques Brownlee - coX4duwUCpw - Transcoding Tmp.mp4
Imports/YouTube/Marques Brownlee-coX4duwUCpw.mp4	Imports/YouTube/Marques Brownlee - coX4duwUCpw.mp4
Imports/小红书/instagram-6a138342000000003501dcfc.mp4	Imports/小红书/Instagram Import - 6a138342.mp4
In the chaos of honking horns and bustling crowds, Mumbai finds its rhythm #mumbai #cinema #mymumbai #india #colourgrading #vn #maharashtra #cinematic #photographer.mp4	Mumbai Rhythm - Street Cinematic.mp4
KICK OUT -Comment “sfx” and i’ll send you the link to my sound effects pack!! -#viral #edit #tra.mp4	Kick Out - SFX Edit.mp4
Korea is simply amazing-I can’t remember the last time I was here but this time I enjoyed it much more.-Need to spend more time here, a lot of places to see.-#korea #visitkorea #cinematickorea.mp4	Korea Travel - Cinematic Korea.mp4
landing on planet namek🔬✨#fx3 #colorgrade #sfx.mp4	Planet Namek - Color Grade SFX.mp4
Lewis Hamilton... #lewishamilton #hamilton #mentality #motivation #edit #f1 #formula1.mp4	Lewis Hamilton - F1 Motivation Edit.mp4
Living my childhood dream.-----------#japan #cinematography #cinematic #filmmaking #filmmaker #videography #tokyo #mtfuji #dream #cinema #vlog.mp4	Japan Childhood Dream - Tokyo Fuji Vlog.mp4
Macro+SFX =   This one is a bit chaotic, but this is the direction the creative process was leading me, and I didn’t resist @sony.deutschland @ocular.sounds @artlist.io #cinematic #sfx #sounddesign #filmmaking #creativemind.mp4	Macro SFX - Chaotic Creative Process.mp4
MATCHA EVERYDAY🍵#cinematic #matcha #vlog (1).mp4	Matcha Everyday - Cinematic Vlog.mp4
Michael B Jordan (2026 Oscar Winner) -Comment “sfx” and i’ll send you the link to my NEW sound e.mp4	Michael B Jordan - SFX Edit.mp4
Motion -Comment “sfx” and i’ll send you the link to my sound effects pack!!! -#inspiration #expl.mp4	Motion - Inspiration SFX Edit.mp4
My favorite super hero-Comment “sfx” and i’ll send you the link to my brand new sound effects pa.mp4	Superhero Edit - Favorite Hero.mp4
North Africa - The Nile & Beyond.mp4	North Africa - The Nile and Beyond.mp4
Otherworldly places..mp4	Otherworldly Places.mp4
Part 3.Три команды. Одна ночь. Один вход. Девятнадцать лиц, которые разнесут этот фундамент до утреннего света.ACHTUNG-FOOLNUT [ new generation ]DI.ADASHHH.mp4	ACHTUNG FOOLNUT - New Generation.mp4
PENNZOIL - EXORCISING THE DEMON @ozanbiron @pennzoil WINNER - Best Cinematography (2018) NOMINATED - Best Drama Short Submit your film on our website   #motorfilmawards #carfilms #cinematography #cars #motorsport #carfilming #racing #carpor.mp4	Pennzoil - Exorcising the Demon.mp4
Project Hail Mary (2026) -Comment “sfx” and i’ll send you the link to my new sound effects pack!.mp4	Project Hail Mary - SFX Edit.mp4
Pyramids- Egypt aesthetic -Comment “sfx” and i will send you the link to my brand NEW sound effe.mp4	Egypt Pyramids - Desert Aesthetic.mp4
Rottweiler-Comment “sfx” and I will send you the link to my sound effects pack!! -Sorry I haven’.mp4	Rottweiler - SFX Edit.mp4
Sandy business today  --@mallelondon Beach race went off. @scrambleroflondon drowning me in sand. Sun burnt the arms. All in all, good day out --#filmmaking #londondirector #videoedit #moto #motorcycles #bikes #caferacers.mp4	Malle London Beach Race - Moto Sand.mp4
SAVE 30¢-gal on gasJust Download the Upside app on iOS or Android, use code  JONATHAN493389  and score an extra 15¢ per gallon bonus. Trusted by 100k+ businesses#foryou #darthvader #anakinskywalker#anakinskywalkeredit #darthvaderedit #sta.mp4	Darth Vader Edit - Upside Gas Ad.mp4
Sempre Forza Ferrari.mp4	Ferrari - Sempre Forza.mp4
Taiwanese Sensibility 灣感｜朗貳髮藝發佈短短三週就獲得 75 萬觀看、3.5 萬讚！這麼長的形象片在短影音時代能被看完🔥🔥🔥感謝朗貳大家長 @round2_seve.mp4	朗貳髮藝 - Taiwanese Sensibility 灣感.mp4
The greatest of all time. -Comment “sfx” and i’ll send you the link to my sound effects pack!!! .mp4	GOAT Edit - SFX Pack Promo.mp4
The many sounds of the Lotus Emira(heavily enhanced by my upcoming Automotive SFX Bundle).mp4	Lotus Emira - Automotive SFX.mp4
There’s no ‘perfect stride’ in running. The first step and each one after finds its flow by feeling it. So don't try to understand it, just feel it...  .Thanks @corosindonesia @unerd.footwear @masbal556 .#trailrunning #sounddesign #sf.mp4	Trail Running - Find the Flow.mp4
Tokyo Animals, “Your smile is contagious” snippetCastPolice Officer - Naoyuki Fernandez @ferdayoRobber 1 - Naoyuki Miyahara @naoyukimiyaharaRobber 2 - Koshi Uehara @koshi_ueharaGetaway Driver - Milton Penhaligon @penhooliganDirector of .mp4	Tokyo Animals - Your Smile Is Contagious.mp4
Tokyo Nights- Another one bites the dust-Comment “sfx” and i’ll send you the link to my sound ef.mp4	Tokyo Nights - Another One Bites the Dust.mp4
Travel isn’t always about escape - Sometimes, it’s about slowing down enough to witness beauty—not just in the landscapes, but in people, in moments, in yourself.You step outside the familiar, and suddenly the world opens up- New lang.mp4	Travel Reflection - Beauty in Moments.mp4
trying to find beauty wherever I look  - @davinciresolvestudios (Powergrade in bio)  - @sonyalpha A7cii #streetphotography #sonyalpha #sonyalphafrance #a7cii #cinematic #colorgrading  #davinciresolve (1).mp4	Street Photography - Beauty Wherever I Look.mp4
TSU.mp4	TSU - Edit.mp4
Tyler the goat man. -Comment “sfx” and i’ll send you the link to my sound effects pack! -#edit #.mp4	Tyler the Goat - SFX Edit.mp4
videoplayback (1).mp4	Unnamed Playback - 01.mp4
videoplayback (2).mp4	Unnamed Playback - 02.mp4
videoplayback (3).mp4	Unnamed Playback - 03.mp4
videoplayback (4).mp4	Unnamed Playback - 04.mp4
videoplayback (5).mp4	Unnamed Playback - 05.mp4
videoplayback (6).mp4	Unnamed Playback - 06.mp4
videoplayback (7).mp4	Unnamed Playback - 07.mp4
videoplayback.mp4	Unnamed Playback - 00.mp4
We are here to observe, wander and marvel; nothing more.   I don’t want to give too much away... but the upcoming sound design pack from @lensdistortions might be one of my favourites yet. This combined with a few staples from WHIPLASH an.mp4	Observe Wander Marvel - Lens Distortions SFX.mp4
[Director’s Cut]ASICS Director’s Cut from an insane month in Japan last year. @jarid.dean is a weapon. As always, love travelling with the Chisel family - grateful to be part of it. Special mention to my 1st AC, @james_cambo, for the wi.mp4	ASICS Japan - Director Cut.mp4
من هنا تبدأ الحكاية… أرضٌ بتضاريس مختلفة،ومراحل تكتبها الطبيعة ⛰️🏜️مسار جديد بـ #داكار_السعودية.mp4	Dakar Saudi - Desert Stages.mp4
